<?xml version="1.0" encoding="utf-8"?>
<ParamWithValueList xmlns:xsd="http://www.w3.org/2001/XMLSchema" xmlns:xsi="http://www.w3.org/2001/XMLSchema-instance">
  <version>20080502</version>
  <parameterTypes>
    <ParamType>
      <typeName>Inventor</typeName>
      <typeCode>0</typeCode>
    </ParamType>
    <ParamType>
      <typeName>String</typeName>
      <typeCode>1</typeCode>
    </ParamType>
    <ParamType>
      <typeName>Boolean</typeName>
      <typeCode>2</typeCode>
    </ParamType>
  </parameterTypes>
  <parameters>
    <ParamWithValue>
      <name>d0</name>
      <typeCode>mm</typeCode>
      <value>0.000 mm</value>
      <comment />
      <isKey>false</isKey>
      <tolerance>Default;Nominal;Document Precision</tolerance>
    </ParamWithValue>
    <ParamWithValue>
      <name>d1</name>
      <typeCode>mm</typeCode>
      <value>0.000 mm</value>
      <comment />
      <isKey>false</isKey>
      <tolerance>Default;Nominal;Document Precision</tolerance>
    </ParamWithValue>
    <ParamWithValue>
      <name>d2</name>
      <typeCode>mm</typeCode>
      <value>0.000 mm</value>
      <comment />
      <isKey>false</isKey>
      <tolerance>Default;Nominal;Document Precision</tolerance>
    </ParamWithValue>
    <ParamWithValue>
      <name>d3</name>
      <typeCode>mm</typeCode>
      <value>0.000 mm</value>
      <comment />
      <isKey>false</isKey>
      <tolerance>Default;Nominal;Document Precision</tolerance>
    </ParamWithValue>
    <ParamWithValue>
      <name>d4</name>
      <typeCode>mm</typeCode>
      <value>0.000 mm</value>
      <comment />
      <isKey>false</isKey>
      <tolerance>Default;Nominal;Document Precision</tolerance>
    </ParamWithValue>
    <ParamWithValue>
      <name>d5</name>
      <typeCode>mm</typeCode>
      <value>0.000 mm</value>
      <comment />
      <isKey>false</isKey>
      <tolerance>Default;Nominal;Document Precision</tolerance>
    </ParamWithValue>
    <ParamWithValue>
      <name>d6</name>
      <typeCode>mm</typeCode>
      <value>0.000 mm</value>
      <comment />
      <isKey>false</isKey>
      <tolerance>Default;Nominal;Document Precision</tolerance>
    </ParamWithValue>
    <ParamWithValue>
      <name>d7</name>
      <typeCode>mm</typeCode>
      <value>0.000 mm</value>
      <comment />
      <isKey>false</isKey>
      <tolerance>Default;Nominal;Document Precision</tolerance>
    </ParamWithValue>
    <ParamWithValue>
      <name>d8</name>
      <typeCode>mm</typeCode>
      <value>0.000 mm</value>
      <comment />
      <isKey>false</isKey>
      <tolerance>Default;Nominal;Document Precision</tolerance>
    </ParamWithValue>
    <ParamWithValue>
      <name>d10</name>
      <typeCode>mm</typeCode>
      <value>0.000 mm</value>
      <comment />
      <isKey>false</isKey>
      <tolerance>Default;Nominal;Document Precision</tolerance>
    </ParamWithValue>
    <ParamWithValue>
      <name>d11</name>
      <typeCode>mm</typeCode>
      <value>0.000 mm</value>
      <comment />
      <isKey>false</isKey>
      <tolerance>Default;Nominal;Document Precision</tolerance>
    </ParamWithValue>
    <ParamWithValue>
      <name>d12</name>
      <typeCode>mm</typeCode>
      <value>0.000 mm</value>
      <comment />
      <isKey>false</isKey>
      <tolerance>Default;Nominal;Document Precision</tolerance>
    </ParamWithValue>
    <ParamWithValue>
      <name>d13</name>
      <typeCode>mm</typeCode>
      <value>0.000 mm</value>
      <comment />
      <isKey>false</isKey>
      <tolerance>Default;Nominal;Document Precision</tolerance>
    </ParamWithValue>
    <ParamWithValue>
      <name>d14</name>
      <typeCode>mm</typeCode>
      <value>0.000 mm</value>
      <comment />
      <isKey>false</isKey>
      <tolerance>Default;Nominal;Document Precision</tolerance>
    </ParamWithValue>
    <ParamWithValue>
      <name>J1</name>
      <typeCode>deg</typeCode>
      <value>0 deg - 4.09 deg</value>
      <comment />
      <isKey>false</isKey>
    </ParamWithValue>
    <ParamWithValue>
      <name>J2</name>
      <typeCode>deg</typeCode>
      <value>45 deg</value>
      <comment />
      <isKey>false</isKey>
    </ParamWithValue>
    <ParamWithValue>
      <name>J3</name>
      <typeCode>deg</typeCode>
      <value>-45 deg</value>
      <comment />
      <isKey>false</isKey>
    </ParamWithValue>
    <ParamWithValue>
      <name>J4</name>
      <typeCode>deg</typeCode>
      <value>0 deg</value>
      <comment />
      <isKey>false</isKey>
    </ParamWithValue>
    <ParamWithValue>
      <name>J5</name>
      <typeCode>deg</typeCode>
      <value>45 deg</value>
      <comment />
      <isKey>false</isKey>
    </ParamWithValue>
    <ParamWithValue>
      <name>J6</name>
      <typeCode>deg</typeCode>
      <value>0 deg</value>
      <comment />
      <isKey>false</isKey>
    </ParamWithValue>
    <ParamWithValue>
      <name>d17</name>
      <typeCode>deg</typeCode>
      <value>J1</value>
      <comment />
      <isKey>false</isKey>
      <tolerance>Default;Nominal;Document Precision</tolerance>
    </ParamWithValue>
    <ParamWithValue>
      <name>d18</name>
      <typeCode>mm</typeCode>
      <value>0.000 mm</value>
      <comment />
      <isKey>false</isKey>
      <tolerance>Default;Nominal;Document Precision</tolerance>
    </ParamWithValue>
    <ParamWithValue>
      <name>d19</name>
      <typeCode>mm</typeCode>
      <value>0.000 mm</value>
      <comment />
      <isKey>false</isKey>
      <tolerance>Default;Nominal;Document Precision</tolerance>
    </ParamWithValue>
    <ParamWithValue>
      <name>d20</name>
      <typeCode>mm</typeCode>
      <value>0.000 mm</value>
      <comment />
      <isKey>false</isKey>
      <tolerance>Default;Nominal;Document Precision</tolerance>
    </ParamWithValue>
    <ParamWithValue>
      <name>d21</name>
      <typeCode>mm</typeCode>
      <value>0.000 mm</value>
      <comment />
      <isKey>false</isKey>
      <tolerance>Default;Nominal;Document Precision</tolerance>
    </ParamWithValue>
    <ParamWithValue>
      <name>d22</name>
      <typeCode>mm</typeCode>
      <value>0.000 mm</value>
      <comment />
      <isKey>false</isKey>
      <tolerance>Default;Nominal;Document Precision</tolerance>
    </ParamWithValue>
    <ParamWithValue>
      <name>d23</name>
      <typeCode>mm</typeCode>
      <value>0.000 mm</value>
      <comment />
      <isKey>false</isKey>
      <tolerance>Default;Nominal;Document Precision</tolerance>
    </ParamWithValue>
    <ParamWithValue>
      <name>d24</name>
      <typeCode>mm</typeCode>
      <value>0.000 mm</value>
      <comment />
      <isKey>false</isKey>
      <tolerance>Default;Nominal;Document Precision</tolerance>
    </ParamWithValue>
    <ParamWithValue>
      <name>d25</name>
      <typeCode>mm</typeCode>
      <value>0.000 mm</value>
      <comment />
      <isKey>false</isKey>
      <tolerance>Default;Nominal;Document Precision</tolerance>
    </ParamWithValue>
    <ParamWithValue>
      <name>d26</name>
      <typeCode>mm</typeCode>
      <value>0.000 mm</value>
      <comment />
      <isKey>false</isKey>
      <tolerance>Default;Nominal;Document Precision</tolerance>
    </ParamWithValue>
    <ParamWithValue>
      <name>d27</name>
      <typeCode>mm</typeCode>
      <value>0.000 mm</value>
      <comment />
      <isKey>false</isKey>
      <tolerance>Default;Nominal;Document Precision</tolerance>
    </ParamWithValue>
    <ParamWithValue>
      <name>d28</name>
      <typeCode>mm</typeCode>
      <value>0.000 mm</value>
      <comment />
      <isKey>false</isKey>
      <tolerance>Default;Nominal;Document Precision</tolerance>
    </ParamWithValue>
    <ParamWithValue>
      <name>d29</name>
      <typeCode>mm</typeCode>
      <value>0.000 mm</value>
      <comment />
      <isKey>false</isKey>
      <tolerance>Default;Nominal;Document Precision</tolerance>
    </ParamWithValue>
    <ParamWithValue>
      <name>d30</name>
      <typeCode>mm</typeCode>
      <value>0.000 mm</value>
      <comment />
      <isKey>false</isKey>
      <tolerance>Default;Nominal;Document Precision</tolerance>
    </ParamWithValue>
    <ParamWithValue>
      <name>d31</name>
      <typeCode>mm</typeCode>
      <value>0.000 mm</value>
      <comment />
      <isKey>false</isKey>
      <tolerance>Default;Nominal;Document Precision</tolerance>
    </ParamWithValue>
    <ParamWithValue>
      <name>d32</name>
      <typeCode>mm</typeCode>
      <value>0.000 mm</value>
      <comment />
      <isKey>false</isKey>
      <tolerance>Default;Nominal;Document Precision</tolerance>
    </ParamWithValue>
    <ParamWithValue>
      <name>d33</name>
      <typeCode>deg</typeCode>
      <value>J2</value>
      <comment />
      <isKey>false</isKey>
      <tolerance>Default;Nominal;Document Precision</tolerance>
    </ParamWithValue>
    <ParamWithValue>
      <name>d34</name>
      <typeCode>mm</typeCode>
      <value>0.000 mm</value>
      <comment />
      <isKey>false</isKey>
      <tolerance>Default;Nominal;Document Precision</tolerance>
    </ParamWithValue>
    <ParamWithValue>
      <name>d35</name>
      <typeCode>mm</typeCode>
      <value>0.000 mm</value>
      <comment />
      <isKey>false</isKey>
      <tolerance>Default;Nominal;Document Precision</tolerance>
    </ParamWithValue>
    <ParamWithValue>
      <name>d36</name>
      <typeCode>mm</typeCode>
      <value>0.000 mm</value>
      <comment />
      <isKey>false</isKey>
      <tolerance>Default;Nominal;Document Precision</tolerance>
    </ParamWithValue>
    <ParamWithValue>
      <name>d37</name>
      <typeCode>mm</typeCode>
      <value>0.000 mm</value>
      <comment />
      <isKey>false</isKey>
      <tolerance>Default;Nominal;Document Precision</tolerance>
    </ParamWithValue>
    <ParamWithValue>
      <name>d38</name>
      <typeCode>mm</typeCode>
      <value>0.000 mm</value>
      <comment />
      <isKey>false</isKey>
      <tolerance>Default;Nominal;Document Precision</tolerance>
    </ParamWithValue>
    <ParamWithValue>
      <name>d39</name>
      <typeCode>mm</typeCode>
      <value>0.000 mm</value>
      <comment />
      <isKey>false</isKey>
      <tolerance>Default;Nominal;Document Precision</tolerance>
    </ParamWithValue>
    <ParamWithValue>
      <name>d40</name>
      <typeCode>mm</typeCode>
      <value>0.000 mm</value>
      <comment />
      <isKey>false</isKey>
      <tolerance>Default;Nominal;Document Precision</tolerance>
    </ParamWithValue>
    <ParamWithValue>
      <name>d41</name>
      <typeCode>mm</typeCode>
      <value>0.000 mm</value>
      <comment />
      <isKey>false</isKey>
      <tolerance>Default;Nominal;Document Precision</tolerance>
    </ParamWithValue>
    <ParamWithValue>
      <name>d42</name>
      <typeCode>mm</typeCode>
      <value>0.000 mm</value>
      <comment />
      <isKey>false</isKey>
      <tolerance>Default;Nominal;Document Precision</tolerance>
    </ParamWithValue>
    <ParamWithValue>
      <name>d43</name>
      <typeCode>mm</typeCode>
      <value>0.000 mm</value>
      <comment />
      <isKey>false</isKey>
      <tolerance>Default;Nominal;Document Precision</tolerance>
    </ParamWithValue>
    <ParamWithValue>
      <name>d44</name>
      <typeCode>deg</typeCode>
      <value>J3</value>
      <comment />
      <isKey>false</isKey>
      <tolerance>Default;Nominal;Document Precision</tolerance>
    </ParamWithValue>
    <ParamWithValue>
      <name>d45</name>
      <typeCode>mm</typeCode>
      <value>0.000 mm</value>
      <comment />
      <isKey>false</isKey>
      <tolerance>Default;Nominal;Document Precision</tolerance>
    </ParamWithValue>
    <ParamWithValue>
      <name>d46</name>
      <typeCode>mm</typeCode>
      <value>0.000 mm</value>
      <comment />
      <isKey>false</isKey>
      <tolerance>Default;Nominal;Document Precision</tolerance>
    </ParamWithValue>
    <ParamWithValue>
      <name>d47</name>
      <typeCode>mm</typeCode>
      <value>0.000 mm</value>
      <comment />
      <isKey>false</isKey>
      <tolerance>Default;Nominal;Document Precision</tolerance>
    </ParamWithValue>
    <ParamWithValue>
      <name>d48</name>
      <typeCode>mm</typeCode>
      <value>0.000 mm</value>
      <comment />
      <isKey>false</isKey>
      <tolerance>Default;Nominal;Document Precision</tolerance>
    </ParamWithValue>
    <ParamWithValue>
      <name>d49</name>
      <typeCode>mm</typeCode>
      <value>0.000 mm</value>
      <comment />
      <isKey>false</isKey>
      <tolerance>Default;Nominal;Document Precision</tolerance>
    </ParamWithValue>
    <ParamWithValue>
      <name>d50</name>
      <typeCode>mm</typeCode>
      <value>0.000 mm</value>
      <comment />
      <isKey>false</isKey>
      <tolerance>Default;Nominal;Document Precision</tolerance>
    </ParamWithValue>
    <ParamWithValue>
      <name>d51</name>
      <typeCode>mm</typeCode>
      <value>0.000 mm</value>
      <comment />
      <isKey>false</isKey>
      <tolerance>Default;Nominal;Document Precision</tolerance>
    </ParamWithValue>
    <ParamWithValue>
      <name>d52</name>
      <typeCode>mm</typeCode>
      <value>0.000 mm</value>
      <comment />
      <isKey>false</isKey>
      <tolerance>Default;Nominal;Document Precision</tolerance>
    </ParamWithValue>
    <ParamWithValue>
      <name>d56</name>
      <typeCode>mm</typeCode>
      <value>0.000 mm</value>
      <comment />
      <isKey>false</isKey>
      <tolerance>Default;Nominal;Document Precision</tolerance>
    </ParamWithValue>
    <ParamWithValue>
      <name>d57</name>
      <typeCode>mm</typeCode>
      <value>0.000 mm</value>
      <comment />
      <isKey>false</isKey>
      <tolerance>Default;Nominal;Document Precision</tolerance>
    </ParamWithValue>
    <ParamWithValue>
      <name>d58</name>
      <typeCode>mm</typeCode>
      <value>0.000 mm</value>
      <comment />
      <isKey>false</isKey>
      <tolerance>Default;Nominal;Document Precision</tolerance>
    </ParamWithValue>
    <ParamWithValue>
      <name>d59</name>
      <typeCode>mm</typeCode>
      <value>0.000 mm</value>
      <comment />
      <isKey>false</isKey>
      <tolerance>Default;Nominal;Document Precision</tolerance>
    </ParamWithValue>
    <ParamWithValue>
      <name>d60</name>
      <typeCode>mm</typeCode>
      <value>0.000 mm</value>
      <comment />
      <isKey>false</isKey>
      <tolerance>Default;Nominal;Document Precision</tolerance>
    </ParamWithValue>
    <ParamWithValue>
      <name>d61</name>
      <typeCode>mm</typeCode>
      <value>0.000 mm</value>
      <comment />
      <isKey>false</isKey>
      <tolerance>Default;Nominal;Document Precision</tolerance>
    </ParamWithValue>
    <ParamWithValue>
      <name>d62</name>
      <typeCode>mm</typeCode>
      <value>0.000 mm</value>
      <comment />
      <isKey>false</isKey>
      <tolerance>Default;Nominal;Document Precision</tolerance>
    </ParamWithValue>
    <ParamWithValue>
      <name>d63</name>
      <typeCode>mm</typeCode>
      <value>0.000 mm</value>
      <comment />
      <isKey>false</isKey>
      <tolerance>Default;Nominal;Document Precision</tolerance>
    </ParamWithValue>
    <ParamWithValue>
      <name>d64</name>
      <typeCode>deg</typeCode>
      <value>J4</value>
      <comment />
      <isKey>false</isKey>
      <tolerance>Default;Nominal;Document Precision</tolerance>
    </ParamWithValue>
    <ParamWithValue>
      <name>d65</name>
      <typeCode>mm</typeCode>
      <value>0.000 mm</value>
      <comment />
      <isKey>false</isKey>
      <tolerance>Default;Nominal;Document Precision</tolerance>
    </ParamWithValue>
    <ParamWithValue>
      <name>d66</name>
      <typeCode>mm</typeCode>
      <value>0.000 mm</value>
      <comment />
      <isKey>false</isKey>
      <tolerance>Default;Nominal;Document Precision</tolerance>
    </ParamWithValue>
    <ParamWithValue>
      <name>d67</name>
      <typeCode>mm</typeCode>
      <value>0.000 mm</value>
      <comment />
      <isKey>false</isKey>
      <tolerance>Default;Nominal;Document Precision</tolerance>
    </ParamWithValue>
    <ParamWithValue>
      <name>d68</name>
      <typeCode>mm</typeCode>
      <value>0.000 mm</value>
      <comment />
      <isKey>false</isKey>
      <tolerance>Default;Nominal;Document Precision</tolerance>
    </ParamWithValue>
    <ParamWithValue>
      <name>d69</name>
      <typeCode>mm</typeCode>
      <value>0.000 mm</value>
      <comment />
      <isKey>false</isKey>
      <tolerance>Default;Nominal;Document Precision</tolerance>
    </ParamWithValue>
    <ParamWithValue>
      <name>d70</name>
      <typeCode>mm</typeCode>
      <value>0.000 mm</value>
      <comment />
      <isKey>false</isKey>
      <tolerance>Default;Nominal;Document Precision</tolerance>
    </ParamWithValue>
    <ParamWithValue>
      <name>d71</name>
      <typeCode>mm</typeCode>
      <value>0.000 mm</value>
      <comment />
      <isKey>false</isKey>
      <tolerance>Default;Nominal;Document Precision</tolerance>
    </ParamWithValue>
    <ParamWithValue>
      <name>d72</name>
      <typeCode>mm</typeCode>
      <value>0.000 mm</value>
      <comment />
      <isKey>false</isKey>
      <tolerance>Default;Nominal;Document Precision</tolerance>
    </ParamWithValue>
    <ParamWithValue>
      <name>d73</name>
      <typeCode>deg</typeCode>
      <value>J5</value>
      <comment />
      <isKey>false</isKey>
      <tolerance>Default;Nominal;Document Precision</tolerance>
    </ParamWithValue>
    <ParamWithValue>
      <name>d74</name>
      <typeCode>mm</typeCode>
      <value>0.000 mm</value>
      <comment />
      <isKey>false</isKey>
      <tolerance>Default;Nominal;Document Precision</tolerance>
    </ParamWithValue>
    <ParamWithValue>
      <name>d75</name>
      <typeCode>mm</typeCode>
      <value>0.000 mm</value>
      <comment />
      <isKey>false</isKey>
      <tolerance>Default;Nominal;Document Precision</tolerance>
    </ParamWithValue>
    <ParamWithValue>
      <name>d76</name>
      <typeCode>mm</typeCode>
      <value>0.000 mm</value>
      <comment />
      <isKey>false</isKey>
      <tolerance>Default;Nominal;Document Precision</tolerance>
    </ParamWithValue>
    <ParamWithValue>
      <name>d77</name>
      <typeCode>mm</typeCode>
      <value>0.000 mm</value>
      <comment />
      <isKey>false</isKey>
      <tolerance>Default;Nominal;Document Precision</tolerance>
    </ParamWithValue>
    <ParamWithValue>
      <name>d78</name>
      <typeCode>mm</typeCode>
      <value>0.000 mm</value>
      <comment />
      <isKey>false</isKey>
      <tolerance>Default;Nominal;Document Precision</tolerance>
    </ParamWithValue>
    <ParamWithValue>
      <name>d79</name>
      <typeCode>mm</typeCode>
      <value>0.000 mm</value>
      <comment />
      <isKey>false</isKey>
      <tolerance>Default;Nominal;Document Precision</tolerance>
    </ParamWithValue>
    <ParamWithValue>
      <name>d80</name>
      <typeCode>mm</typeCode>
      <value>0.000 mm</value>
      <comment />
      <isKey>false</isKey>
      <tolerance>Default;Nominal;Document Precision</tolerance>
    </ParamWithValue>
    <ParamWithValue>
      <name>d81</name>
      <typeCode>mm</typeCode>
      <value>0.000 mm</value>
      <comment />
      <isKey>false</isKey>
      <tolerance>Default;Nominal;Document Precision</tolerance>
    </ParamWithValue>
    <ParamWithValue>
      <name>d82</name>
      <typeCode>mm</typeCode>
      <value>0.000 mm</value>
      <comment />
      <isKey>false</isKey>
      <tolerance>Default;Nominal;Document Precision</tolerance>
    </ParamWithValue>
    <ParamWithValue>
      <name>d83</name>
      <typeCode>mm</typeCode>
      <value>0.000 mm</value>
      <comment />
      <isKey>false</isKey>
      <tolerance>Default;Nominal;Document Precision</tolerance>
    </ParamWithValue>
    <ParamWithValue>
      <name>d84</name>
      <typeCode>deg</typeCode>
      <value>J6</value>
      <comment />
      <isKey>false</isKey>
      <tolerance>Default;Nominal;Document Precision</tolerance>
    </ParamWithValue>
  </parameters>
</ParamWithValueList>